user_id,item_id,category_id,interaction_strength
39,61,5,2.3
29,67,6,2.08
15,6,1,1.76
43,9,7,3.78
8,6,7,1.87
21,73,1,3.38
39,103,7,2.06
19,95,8,3.65
23,32,1,4.26
11,41,6,4.11
11,114,4,4.04
24,76,5,1.75
36,8,6,1.35
40,72,3,3.8
24,50,2,2.47
3,92,4,2.73
22,62,3,1.12
2,84,5,2.04
24,62,7,1.13
44,111,1,4.52
30,7,5,1.97
38,75,6,3.23
2,84,2,1.16
21,80,6,3.67
33,4,4,2.29
12,6,4,4.59
22,58,2,4.55
44,22,8,2.3
25,26,3,4.6
49,3,3,4.98
27,41,4,4.3
42,60,4,4.38
28,106,7,2.0
16,14,1,3.31
15,75,7,1.27
47,82,7,1.38
44,118,8,5.0
3,12,3,2.31
37,87,8,3.99
7,12,8,4.23
21,13,2,4.43
9,25,3,4.99
39,45,1,1.97
18,115,6,1.16
4,19,4,2.64
25,55,4,1.52
14,110,1,1.09
50,100,8,2.44
9,45,7,4.13
26,8,2,3.26
2,93,8,2.25
20,119,4,3.62
28,53,5,1.93
47,55,7,1.06
7,32,4,4.06
44,51,5,3.49
8,44,8,4.05
47,82,1,1.16
35,70,1,4.35
14,18,7,3.48
17,83,4,3.25
36,22,3,3.5
50,37,5,4.46
40,96,2,3.35
4,56,4,3.32
2,105,2,4.96
6,59,4,4.03
42,3,3,2.77
4,28,3,3.83
29,74,7,2.56
18,115,7,1.92
26,35,3,3.39
44,61,6,4.71
34,93,3,4.72
10,54,1,2.37
36,63,1,3.11
14,79,6,1.85
31,97,8,4.98
48,7,5,4.92
15,76,8,3.6
8,49,2,4.22
14,94,8,3.86
23,85,4,3.37
40,31,8,1.21
21,58,4,2.82
16,61,6,3.7
45,24,1,3.71
18,20,7,2.49
47,37,4,4.77
24,4,1,1.67
26,92,5,3.0
25,108,2,3.76
45,20,5,3.79
41,60,6,3.59
29,24,8,2.1
15,50,8,1.62
45,49,3,3.54
1,51,3,3.4
25,96,3,1.72
7,105,5,3.82
9,36,4,2.82
24,117,2,3.67
1,98,3,4.35
44,100,6,1.68
8,66,6,1.08
24,79,3,4.12
11,34,8,3.44
17,36,3,3.8
8,6,2,4.35
35,39,3,4.21
35,42,2,4.84
33,115,6,3.14
5,115,3,2.95
42,58,5,2.61
39,118,7,1.61
41,12,5,3.29
28,3,6,2.11
7,109,2,4.69
9,18,5,3.33
8,40,2,3.37
12,21,5,2.42
34,15,5,1.21
33,97,2,1.13
48,99,4,2.69
23,26,5,1.34
24,8,3,3.43
37,100,7,4.52
35,112,6,4.53
44,94,4,3.64
40,87,2,1.84
22,42,4,4.45
27,44,1,4.54
35,14,1,1.79
1,78,5,3.95
35,2,5,2.15
37,119,3,4.21
47,37,7,4.99
14,69,6,1.12
3,38,4,4.59
1,109,1,3.49
5,41,5,4.89
26,62,8,2.86
14,118,8,4.39
39,60,6,1.25
27,111,4,2.34
9,14,5,1.27
15,120,5,4.9
15,103,1,4.27
26,89,1,4.41
42,84,5,4.75
13,2,2,1.34
32,103,5,2.54
39,70,6,1.28
49,17,5,1.84
32,89,3,1.92
4,28,7,2.88
30,66,3,2.07
37,35,3,1.4
23,101,2,1.67
39,5,2,1.59
45,65,8,4.89
15,40,5,4.04
43,76,3,4.87
29,56,2,2.76
36,36,1,2.11
13,45,5,4.19
32,23,6,2.31
7,47,7,2.2
22,31,4,1.93
28,11,5,1.52
2,10,4,2.03
42,67,3,2.42
45,118,7,3.7
6,14,4,1.25
28,80,3,1.84
28,74,1,4.24
44,93,4,1.59
44,10,7,2.37
20,76,8,4.46
30,94,5,1.62
11,105,3,1.33
28,1,5,2.94
25,5,7,2.21
39,20,2,3.25
33,8,3,4.22
1,43,4,1.55
27,76,3,3.32
13,1,5,3.02
41,57,1,1.58
3,64,3,3.5
39,118,4,2.09
6,84,2,2.95
8,28,8,1.33
27,107,6,2.84
9,37,1,2.23
37,47,8,4.29
33,101,2,1.23
42,76,3,2.67
44,37,5,2.83
24,49,7,3.9
15,113,5,3.3
32,120,8,3.67
32,44,4,4.11
24,56,5,4.45
41,28,1,2.26
49,111,5,3.15
49,79,4,4.36
12,6,6,4.96
39,108,3,4.56
2,61,7,2.49
3,20,8,1.78
49,114,3,2.96
37,78,5,3.97
49,2,2,2.97
17,73,3,2.93
49,37,6,4.35
2,20,5,2.45
2,26,7,4.44
28,29,4,2.63
23,1,6,2.31
37,119,5,2.82
32,35,6,4.05
33,70,3,1.5
1,101,7,1.79
19,117,4,4.81
2,59,5,1.7
44,69,1,3.27
26,33,8,3.32
32,113,4,2.96
6,51,1,3.58
32,78,6,1.92
4,12,2,3.21
11,106,4,2.49
17,20,6,3.65
38,53,1,1.56
24,114,3,3.28
5,88,3,1.74
34,43,2,2.11
6,98,8,1.87
22,89,4,1.73
11,50,4,4.3
48,29,4,2.14
16,57,8,4.71
33,39,6,4.88
9,95,7,3.29
6,56,7,1.57
16,111,2,2.5
29,43,4,4.19
3,50,6,2.47
20,23,3,1.35
36,44,1,3.23
19,38,6,4.38
26,84,8,4.18
3,23,7,1.7
19,45,7,3.69
20,52,3,1.88
32,80,3,1.87
7,50,8,4.5
41,106,1,2.0
33,119,3,2.05
40,8,2,1.0
39,114,1,4.48
18,85,3,4.17
40,1,5,3.51
1,119,6,4.0
11,8,3,1.61
28,29,2,2.83
25,96,4,2.4
50,102,3,1.38
23,5,7,2.94
31,111,7,4.68
30,86,7,1.16
42,47,4,2.17
35,34,7,1.83
7,65,5,1.95
16,55,3,4.63
26,119,8,2.87
48,90,7,2.87
49,43,1,4.04
2,74,8,1.62
1,30,4,2.95
48,114,5,2.72
12,82,1,3.39
5,17,1,5.0
37,26,1,4.08
32,8,1,2.59
9,47,8,4.31
41,104,8,1.68
35,113,3,1.12
19,76,7,1.82
48,91,6,2.36
16,72,3,3.04
3,89,3,3.46
20,46,5,4.64
24,68,5,3.04
33,33,7,3.01
24,1,6,1.2
11,19,5,1.14
49,31,7,3.2
8,80,7,2.75
36,14,8,4.36
38,53,2,1.64
40,48,8,1.1
20,69,6,2.8
35,105,5,1.95
48,90,6,1.2
25,62,3,3.9
35,92,3,1.45
25,66,6,3.43
29,114,2,2.12
18,64,2,1.69
46,70,8,2.52
18,63,6,4.21
2,73,5,2.57
35,33,8,4.0
16,41,4,1.5
41,89,2,4.09
36,48,1,1.95
33,13,8,3.71
4,73,3,3.26
33,117,8,4.72
14,77,6,2.55
21,31,1,1.26
48,105,6,1.08
20,75,7,4.31
8,68,3,3.1
7,98,3,4.1
3,102,2,1.94
17,110,8,2.38
33,4,2,1.12
48,102,1,4.85
12,19,8,3.67
22,70,7,4.73
22,98,6,2.06
46,82,7,3.45
30,13,3,3.71
38,105,1,2.27
38,23,4,4.39
45,83,1,4.79
8,109,5,4.54
27,75,1,3.96
27,1,7,2.11
34,88,5,2.13
21,54,5,4.85
30,71,8,1.04
33,89,8,3.86
28,85,5,3.82
47,15,4,3.49
33,65,8,4.96
5,76,1,2.25
48,71,7,2.36
19,15,1,1.32
4,21,4,2.77
35,19,3,2.04
49,60,2,2.37
17,93,7,4.34
44,89,8,4.74
28,33,7,1.74
30,49,1,2.49
29,96,2,4.71
46,113,6,1.25
6,35,6,1.37
35,44,8,1.65
41,102,4,3.38
37,90,6,1.6
24,11,7,4.87
29,99,6,2.79
49,72,3,3.01
46,110,3,1.99
31,78,8,2.88
35,74,3,3.65
33,66,6,4.0
21,46,4,4.02
32,9,5,3.31
23,3,5,4.62
33,85,8,4.27
3,26,2,4.03
18,72,5,1.22
25,48,5,1.03
42,66,3,1.85
31,70,3,3.65
3,28,6,2.64
40,117,8,2.61
46,93,2,4.54
24,26,8,4.58
50,25,1,4.64
32,12,7,2.26
47,5,2,3.76
22,98,2,2.09
23,48,4,1.76
2,37,8,1.74
27,79,6,2.37
42,44,4,2.72
2,100,2,4.32
26,15,2,1.48
17,43,2,3.94
40,48,5,3.13
33,87,8,2.15
9,70,7,2.97
43,46,7,2.2
48,114,4,3.38
39,108,2,2.74
29,43,7,1.66
42,109,3,1.47
26,21,8,3.19
35,23,7,4.61
50,107,6,2.38
25,119,8,3.93
24,80,6,3.63
13,47,7,4.73
7,117,3,4.28
36,15,6,3.27
45,25,5,3.63
20,36,7,4.59
1,75,5,2.6
8,51,7,2.31
46,15,1,1.04
16,68,1,4.31
14,21,1,4.2
12,13,6,1.42
23,86,5,3.31
15,19,5,2.86
28,34,5,1.47
34,78,3,4.92
2,68,5,1.86
32,112,3,1.27
23,117,1,3.38
22,52,1,3.96
25,110,6,1.13
22,27,7,3.63
22,29,1,3.13
49,111,7,1.41
42,28,7,1.69
6,35,8,3.27
15,8,6,2.19
43,16,2,4.75
37,106,2,4.27
33,36,4,4.93
8,30,8,2.04
44,18,6,4.88
44,2,4,2.72
5,49,4,2.39
39,77,8,1.2
4,4,2,1.21
6,90,6,3.77
45,89,2,2.83
32,94,4,1.91
30,75,6,3.46
47,7,4,2.01
35,95,5,3.31
40,108,8,2.44
16,74,7,4.29
13,39,6,4.28
50,13,6,2.91
42,31,7,2.4
30,71,4,2.45
19,63,5,4.22
17,56,3,2.31
19,113,7,1.84
28,42,8,1.34
26,61,2,2.87
37,42,4,2.93
26,56,7,4.36
23,36,7,1.88
9,84,6,2.52
12,68,2,4.23
1,118,2,4.29
1,7,8,2.54
47,54,2,2.84
34,1,7,2.21
32,44,3,4.73
48,120,1,1.47
25,45,4,4.73
40,106,1,3.74
45,47,7,3.13
1,13,1,1.13
16,119,7,2.9
39,22,1,2.63
5,118,2,1.64
22,21,5,3.63
29,86,2,4.88
3,92,2,3.25
12,9,8,3.86
26,26,6,1.27
16,9,6,2.67
37,15,1,1.47
22,10,7,3.45
29,88,8,4.75
14,42,2,3.65
28,72,8,1.31
5,24,1,2.42
47,80,6,3.2
49,49,5,2.61
30,26,4,4.33
46,91,1,4.26
5,37,8,3.45
12,68,5,2.49
16,50,4,2.02
26,24,3,1.42
26,19,1,2.42
48,100,1,2.65
21,60,3,3.7
39,39,3,3.63
36,74,1,1.28
33,89,3,2.58
30,18,2,1.73
37,19,4,1.63
23,36,4,4.31
10,74,4,1.17
5,97,2,2.68
36,55,7,1.67
34,114,3,4.52
31,69,5,3.23
10,47,3,1.93
19,49,1,3.01
32,99,6,3.93
1,108,8,4.83
5,98,8,1.88
45,33,4,4.54
4,119,3,4.74
16,21,5,4.67
24,81,1,3.54
16,22,2,3.52
2,48,7,2.61
49,37,2,4.01
28,15,5,3.13
32,35,1,3.71
27,92,4,2.71
20,71,3,3.93
24,32,1,4.3
12,11,8,1.59
50,10,7,4.33
35,73,2,3.16
33,78,7,4.38
33,77,7,2.73
43,57,5,2.52
37,25,5,4.66
12,2,3,2.0
3,64,5,4.38
1,35,5,2.94
33,7,1,3.06
40,85,8,2.23
10,18,4,3.29
43,67,3,2.3
44,42,1,1.16
29,118,4,2.09
13,39,7,1.03
12,41,1,4.91
31,113,6,4.86
46,75,1,2.58
2,103,5,3.91
50,24,4,2.38
35,60,3,3.68
23,46,3,4.22
17,19,4,4.79
26,68,5,2.6
8,90,2,4.13
29,102,1,2.06
26,42,5,4.96
10,32,6,1.1
26,39,8,3.41
34,109,7,3.64
41,110,4,3.75
7,36,8,1.48
4,104,1,4.75
50,101,3,1.72
45,97,7,3.49
11,36,8,1.89
29,3,2,2.23
36,73,8,3.19
25,8,6,2.67
21,97,3,1.64
36,70,4,1.68
10,41,1,2.67
37,103,4,4.03
9,68,7,4.59
24,13,1,1.34
35,49,5,2.57
49,60,2,1.4
35,2,5,1.07
48,60,5,3.65
36,5,4,3.41
18,44,7,1.65
49,27,2,1.94
39,32,8,1.09
32,21,1,4.34
24,8,1,4.9
23,102,6,1.54
32,72,3,1.93
37,50,6,4.47
12,67,8,4.71
49,118,6,2.68
13,44,1,1.2
23,58,4,1.16
25,3,5,3.3
35,86,7,2.57
41,70,5,1.11
30,2,5,3.33
17,87,2,1.05
49,44,1,4.15
20,2,8,2.23
48,102,8,1.16
25,81,7,3.35
22,35,4,2.59
13,98,2,4.9
19,87,3,3.18
49,30,4,2.1
36,116,6,3.84
12,8,4,2.09
41,22,4,4.62
19,44,5,2.5
12,58,4,3.2
9,36,8,1.2
7,69,6,2.7
28,77,6,4.33
14,93,1,4.22
31,31,4,1.9
19,47,5,1.9
47,55,4,4.27
16,80,3,4.72
5,106,3,1.38
35,62,5,2.8
12,30,1,2.35
25,55,1,4.48
21,16,6,1.33
36,12,6,1.84
23,17,2,4.01
16,16,5,1.21
39,12,4,2.97
45,8,7,2.77
42,84,5,2.34
39,3,2,2.58
14,16,6,3.12
31,30,5,1.65
5,109,5,3.29
35,23,6,4.22
23,92,8,4.04
29,115,2,1.62
43,104,6,1.6
11,118,1,2.07
18,5,4,2.44
47,84,6,2.63
12,104,2,3.72
9,120,3,1.23
10,108,1,1.14
44,65,3,2.57
17,30,7,3.79
38,21,6,1.77
7,84,1,3.57
46,70,4,2.04
13,22,6,4.54
40,82,4,4.58
42,72,8,2.19
9,103,5,1.92
50,32,3,2.65
27,33,1,1.96
2,117,4,3.69
5,16,2,4.3
29,76,4,3.69
37,38,2,4.3
38,116,6,2.59
19,98,1,1.63
8,14,4,3.95
48,36,7,2.44
45,97,4,3.69
1,23,8,2.08
22,114,7,1.32
17,109,1,4.97
7,66,8,1.62
25,105,4,4.95
45,85,2,4.91
4,2,4,4.18
36,91,3,3.64
6,73,6,3.31
31,65,5,4.46
19,75,2,2.16
44,67,3,2.87
39,52,7,3.48
27,62,6,2.64
10,23,1,2.71
26,26,2,2.32
19,68,5,3.26
39,82,6,4.4
3,55,7,1.81
45,6,8,4.74
13,35,8,3.76
50,22,5,4.29
28,43,1,3.22
20,15,1,4.12
28,86,7,1.06
8,60,2,4.27
41,101,7,1.16
39,116,4,4.56
1,106,1,4.97
3,12,6,2.18
13,111,4,1.84
28,49,8,4.06
49,42,8,2.01
25,38,3,4.46
33,82,5,1.41
38,45,4,1.5
6,35,5,4.92
44,30,7,3.7
45,88,4,4.39
32,106,7,2.3
45,30,3,3.71
47,78,1,3.38
21,6,8,3.41
16,67,3,3.73
21,80,8,3.3
11,7,1,2.72
37,52,7,2.1
36,14,1,4.07
35,73,8,1.91
19,15,8,3.77
20,21,5,1.93
18,35,6,3.5
47,66,3,3.99
41,91,4,1.87
49,2,8,1.24
14,35,3,1.52
15,82,5,3.42
31,78,1,4.4
1,20,5,1.18
3,82,2,3.94
16,10,2,2.37
23,25,4,2.91
11,66,5,4.72
12,25,7,2.33
10,54,4,2.86
32,33,7,1.05
16,36,4,1.33
8,95,2,2.03
38,14,4,1.11
12,65,2,3.53
24,110,8,2.71
28,80,1,3.19
8,54,7,1.7
28,110,5,2.18
36,52,8,3.66
26,3,8,4.86
8,99,4,1.2
50,41,2,4.56
28,6,3,3.31
28,25,7,3.26
37,13,8,3.0
41,117,4,1.28
36,98,6,1.36
27,8,1,3.4
17,21,1,2.36
9,98,3,4.67
33,68,2,2.63
20,25,4,1.57
13,79,7,3.86
28,68,2,2.17
48,45,1,3.1
29,60,2,3.79
13,12,1,4.6
46,32,2,4.17
35,96,3,3.71
6,92,5,3.72
18,13,3,4.78
5,31,3,2.18
47,78,5,1.0
25,20,5,2.09
2,18,8,1.87
10,93,8,3.65
30,60,4,3.53
50,63,7,3.37
45,6,7,1.06
5,32,4,3.92
33,93,3,2.29
1,43,3,3.66
18,2,1,3.23
32,60,1,2.37
47,23,7,1.54
49,83,4,1.38
11,31,6,4.33
21,115,8,4.67
26,5,6,3.6
25,83,4,1.41
22,34,1,2.61
27,10,7,3.92
49,89,7,4.12
13,2,1,1.47
33,11,6,1.0
34,50,2,3.85
41,31,2,2.43
35,56,1,2.02
1,79,2,1.05
21,73,5,3.16
48,87,4,4.4
6,83,4,4.83
28,9,1,3.26
17,99,3,3.06
5,21,8,1.34
31,73,6,3.2
5,28,1,2.52
38,62,2,3.43
3,110,6,2.55
23,115,3,1.96
37,7,2,1.38
37,80,7,2.26
10,16,8,1.39
10,97,5,1.71
19,4,2,4.95
17,4,5,2.78
21,103,6,3.13
14,40,5,4.49
9,17,6,4.98
46,101,6,3.33
1,103,6,4.25
45,52,6,2.31
13,93,6,2.22
4,52,2,2.61
1,36,6,3.69
49,38,2,3.73
40,103,6,2.26
32,50,5,1.53
34,63,7,3.53
28,101,6,1.51
31,116,3,3.31
8,63,6,3.77
39,62,6,3.8
26,99,5,4.01
34,7,8,4.49
3,27,4,3.0
50,92,5,3.92
12,86,3,3.48
1,14,4,1.75
44,71,1,1.1
5,101,1,2.14
30,86,8,2.77
30,5,3,3.47
17,55,5,4.4
48,2,2,1.78
47,62,3,1.5
23,91,7,4.85
15,21,4,1.43
37,118,4,2.91
21,102,6,3.34
14,79,1,3.17
2,21,8,1.34
11,10,4,1.23
39,87,3,1.42
38,58,4,3.34
34,120,8,3.18
38,39,8,1.93
50,5,8,3.55
34,65,3,4.28
18,13,2,1.17
30,85,6,2.99
15,90,1,3.76
27,114,4,2.01
34,109,3,2.23
38,85,5,3.45
33,53,1,4.59
24,82,2,4.24
15,101,3,3.33
30,45,7,3.92
42,32,7,2.46
17,36,6,3.56
5,81,6,2.86
29,99,2,1.76
4,113,2,3.81
10,60,6,3.23
17,11,4,2.43
10,63,4,4.65
17,21,3,1.08
20,52,5,2.26
24,55,3,1.23
5,117,5,4.07
34,26,2,3.81
6,68,1,2.33
2,34,3,3.7
13,52,3,2.58
43,112,5,4.03
43,82,8,2.82
48,104,2,2.65
11,99,2,4.74
47,105,7,2.0
23,93,8,1.48
16,52,5,3.34
31,29,2,4.88
11,38,8,2.51
16,42,6,1.25
8,21,8,2.36
4,42,4,3.02
40,13,7,1.65
4,113,6,3.63
25,105,1,4.99
3,64,3,2.81
32,17,7,2.42
3,120,1,2.6
27,9,3,1.46
29,41,4,4.53
32,1,8,2.66
50,2,2,2.55
19,60,6,3.64
21,48,5,2.77
5,29,6,3.59
18,97,4,1.25
28,10,1,4.25
42,114,5,4.76
22,58,2,3.6
21,60,4,4.82
6,104,5,1.61
1,21,4,2.91
5,28,8,3.41
41,75,4,3.33
12,119,2,2.61
26,34,7,2.35
46,8,3,1.51
34,59,5,2.57
49,86,8,1.65
14,72,2,3.94
26,49,4,1.84
45,79,8,1.23
27,17,2,3.21
9,60,7,3.38
26,87,8,4.49
47,88,8,3.31
22,45,3,2.38
47,83,6,4.21
30,69,5,3.16
43,32,3,1.32
48,44,1,3.26
17,65,5,4.63
26,87,3,2.59
36,101,4,2.19
1,8,5,1.57
8,77,5,1.61
49,72,2,2.73
35,87,4,3.38
15,43,1,1.32
47,1,6,4.76
22,109,8,4.02
14,51,7,3.35
26,24,3,4.31
28,99,2,1.32
23,24,3,2.91
14,17,1,3.52
24,5,8,4.31
2,20,1,4.13
45,21,5,2.11
26,104,7,4.76
14,58,1,1.5
7,31,3,4.5
3,110,4,4.88
47,100,4,1.71
23,11,5,3.89
46,52,6,1.16
43,15,3,2.62
47,83,3,3.07
45,7,1,3.32
18,115,7,4.74
38,28,3,3.69
35,51,2,2.93
15,107,6,4.24
25,58,1,4.8
37,5,2,1.09
28,5,5,4.93
10,94,4,1.34
39,118,5,4.26
17,96,4,2.12
39,8,5,1.53
22,64,3,2.76
26,10,2,3.58
44,38,4,2.52
25,111,1,1.22
17,96,2,3.4
13,112,1,4.61
20,92,2,2.53
25,81,2,1.87
4,95,5,2.77
10,8,4,1.19
3,104,4,4.28
41,25,7,4.31
45,73,2,3.35
18,66,3,2.41
47,79,3,4.2
36,50,1,3.22
47,67,1,4.3
22,49,5,3.53
34,36,2,4.14
47,68,1,3.39
8,78,1,2.66
40,105,6,4.83
49,41,2,3.16
44,89,8,3.42
19,119,5,1.88
42,62,1,3.5
41,114,5,3.29
37,10,4,1.74
6,21,5,1.24
26,36,8,3.42
34,12,3,4.05
45,91,8,3.09
6,104,3,1.91
37,2,5,3.67
33,118,3,1.32
22,13,4,2.77
21,53,2,1.65
6,32,3,1.74
6,95,3,1.81
48,16,5,2.55
4,32,4,1.2
30,32,7,2.59
11,98,7,3.05
30,11,7,2.93
31,10,7,2.53
24,15,2,4.36
9,17,8,1.58
3,40,5,3.02
31,18,5,1.25
40,55,6,1.28
37,73,4,3.3
36,25,7,3.26
24,104,2,4.51
31,59,4,3.23
6,78,7,4.84
2,89,2,1.19
20,114,4,1.39
28,22,5,1.18
11,116,5,1.74
4,30,8,3.17
15,84,1,3.58
6,85,8,1.18
49,44,3,4.78
30,32,8,4.37
38,51,7,2.19
2,46,6,1.31
15,113,4,1.68
11,120,6,1.51
8,21,1,1.49
26,99,3,3.07
45,32,4,1.98
44,94,2,2.43
5,119,7,4.96
6,39,3,3.74
26,113,5,4.8
4,12,1,1.57
19,105,3,2.53
20,47,7,3.22
33,18,8,1.31
20,21,3,1.02
49,13,8,3.68
12,21,7,3.57
47,8,5,2.64
1,46,4,2.96
26,104,2,2.66
14,110,5,1.1
38,7,8,2.34
37,23,8,1.71
11,108,2,1.39
36,96,4,4.83
13,75,3,3.4
43,86,2,3.91
3,22,1,2.26
33,107,1,2.57
6,89,7,1.95
50,22,5,1.39
10,92,8,1.72
5,29,4,4.19
23,13,7,3.71
10,82,5,3.19
44,2,5,2.9
2,29,7,4.69
13,85,6,1.29
40,79,5,2.12
2,52,6,2.4
20,27,1,4.13
1,50,1,4.97
37,95,5,1.96
9,79,1,4.5
17,115,4,4.32
9,23,6,1.9
11,88,6,2.6
15,44,5,2.64
24,77,1,4.91
38,22,2,1.72
35,43,8,4.2
30,37,7,2.34
31,61,7,3.92
49,97,6,2.68
5,56,5,3.31
44,3,5,4.33
50,63,4,4.22
14,118,3,4.47
11,19,8,1.24
9,23,3,3.77
34,29,6,1.56
12,30,7,2.66
35,39,4,3.19
35,108,4,2.61
1,111,4,3.08
40,25,6,4.99
22,101,3,1.54
29,111,7,3.7
8,8,4,2.58
11,106,7,1.53
41,58,1,1.63
37,16,5,4.8
14,72,5,4.52
30,1,7,4.63
35,108,2,4.97
21,5,2,1.83
37,3,6,2.42
5,65,6,3.68
19,4,5,2.94
14,104,1,2.67
26,99,8,2.43
4,96,3,3.38
25,64,3,3.3
45,106,6,1.65
42,98,1,2.89
25,107,6,3.21
18,89,8,3.28
40,10,3,1.84
8,21,7,3.97
39,46,6,1.1
40,103,4,2.42
14,91,7,4.12
32,27,8,3.26
38,66,8,2.04
33,41,6,3.78
23,112,5,3.27
15,13,6,4.18
33,9,5,3.94
25,116,8,3.44
17,36,1,2.95
33,86,8,1.53
47,106,3,2.05
2,90,7,2.68
14,58,7,3.4
40,54,2,3.05
40,12,2,2.15
39,81,8,1.03
6,78,3,2.98
6,14,2,2.14
3,34,7,3.94
7,53,6,1.1
8,20,1,3.34
42,75,1,4.77
15,16,3,1.7
47,115,8,2.89
29,95,2,1.37
33,119,6,3.5
30,70,1,3.2
39,56,1,2.63
27,83,4,3.09
36,101,8,4.59
29,58,4,1.79
38,4,7,1.09
33,111,1,4.45
37,4,3,3.31
27,20,5,4.56
33,10,5,3.39
4,24,6,4.24
22,118,1,2.72
2,99,1,4.0
10,26,7,4.65
5,37,1,3.29
10,102,3,1.72
33,85,4,2.08
38,54,1,1.79
13,104,1,1.99
31,103,7,2.23
47,21,8,3.22
36,74,2,3.35
45,38,8,2.71
24,46,7,3.46
15,4,8,1.33
29,60,7,1.35
8,57,3,1.69
5,45,6,3.07
29,20,1,1.86
47,17,7,2.13
4,119,7,2.6
12,71,2,4.25
45,4,7,1.06
2,93,5,3.6
27,14,6,3.68
31,3,1,4.19
36,88,1,4.73
36,101,2,1.08
26,80,3,1.62
43,58,1,4.54
27,55,5,2.83
5,116,1,3.26
20,4,5,3.65
11,120,6,3.72
10,24,6,4.73
40,34,4,4.99
38,30,4,3.88
6,82,5,2.15
8,19,3,4.52
23,31,1,1.2
47,60,7,1.92
26,60,1,4.59
46,19,4,2.02
43,49,8,1.88
12,63,7,1.55
26,110,5,4.44
13,83,7,3.0
40,22,8,3.7
18,24,1,1.96
25,109,1,4.03
33,76,3,4.04
47,30,2,2.25
40,58,7,2.64
43,102,4,1.84
12,117,8,4.91
44,31,8,3.58
36,100,8,4.74
48,64,4,2.21
4,19,2,4.13
5,48,1,4.06
37,45,3,3.77
8,100,3,4.86
42,94,4,2.57
49,55,3,1.52
28,113,8,3.69
31,55,6,3.92
9,97,2,3.3
29,18,1,1.83
14,63,6,3.02
40,116,2,2.25
41,113,5,2.71
22,92,7,3.58
11,47,4,3.98
23,75,8,1.93
1,57,3,2.62
46,118,5,2.08
37,45,3,1.79
21,33,6,4.13
26,17,1,4.64
46,70,1,2.48
36,4,1,4.01
23,20,8,4.59
1,112,3,4.38
40,47,5,1.73
15,91,1,4.83
21,15,5,2.51
47,70,3,2.36
9,47,8,1.25
9,78,6,2.94
10,75,8,1.44
26,103,5,1.99
41,9,8,2.27
35,90,8,4.24
25,16,6,4.5
26,69,3,2.21
11,116,3,4.43
38,61,4,4.43
2,10,8,4.06
7,50,3,1.59
18,3,3,3.76
27,77,2,4.78
34,107,1,3.73
27,113,4,2.33
17,94,7,3.0
43,118,4,3.58
44,109,4,3.04
24,70,7,1.48
25,81,2,2.25
7,109,8,4.21
6,51,6,4.45
24,117,3,1.55
33,19,1,4.81
49,42,5,2.32
29,35,8,3.65
43,46,7,4.01
22,26,6,4.25
26,115,8,4.78
28,69,7,2.25
50,93,3,4.43
21,64,2,1.53
49,37,8,3.82
7,84,7,3.97
17,49,3,3.71
20,21,3,2.01
41,74,2,4.49
49,64,4,1.68
20,5,8,1.21
22,100,8,3.87
28,70,4,2.9
40,90,1,4.4
49,4,1,2.53
7,103,4,1.67
1,39,6,4.35
32,114,5,3.2
13,35,3,1.76
30,1,5,3.88
23,24,3,3.04
19,57,4,3.42
32,100,1,2.84
30,70,6,4.31
29,41,1,4.32
49,54,5,3.84
45,46,1,1.42
29,60,4,4.36
30,108,6,3.68
16,60,5,3.79
40,57,6,2.45
19,31,8,4.52
18,84,3,3.9
1,24,1,1.45
14,89,6,2.63
47,36,2,4.55
50,85,8,1.19
2,30,1,4.85
28,24,3,3.72
49,108,6,3.53
50,106,5,2.08
30,30,3,2.0
38,86,2,4.77
4,92,6,2.19
1,7,7,4.1
8,35,7,2.57
29,55,4,1.56
39,92,1,1.04
3,14,5,3.18
32,120,4,4.9
10,10,6,2.48
10,80,7,2.43
19,16,7,2.38
46,54,7,3.08
34,95,6,2.76
33,106,7,4.52
23,89,3,3.02
28,77,8,3.03
32,70,6,1.55
50,44,5,4.93
7,73,8,2.0
29,45,4,1.29
8,100,5,3.65
1,56,8,3.38
3,107,2,2.66
24,84,7,2.69
23,82,2,4.14
8,107,1,1.78
47,57,1,4.28
37,21,8,3.59
3,68,2,2.68
33,50,6,2.83
28,33,5,2.03
47,91,2,4.01
8,7,1,3.05
34,70,2,2.28
35,15,6,3.38
32,82,2,4.98
24,32,5,2.74
14,120,4,4.68
32,75,6,2.38
46,20,1,1.22
43,88,5,1.82
16,15,2,2.67
4,48,2,1.88
37,71,4,1.0
21,21,1,4.66
14,42,1,4.38
31,26,3,3.97
48,108,1,1.67
18,120,4,1.48
7,14,7,1.27
10,57,3,3.9
7,37,3,4.72
33,58,2,2.72
23,21,2,1.48
21,82,1,3.05
19,69,3,2.4
48,3,8,2.5
19,87,2,3.49
36,90,4,3.87
29,37,8,1.44
18,88,2,1.14
2,49,6,4.98
1,19,6,1.93
47,115,2,1.22
5,89,3,1.76
20,85,7,1.16
11,12,7,2.57
42,61,3,4.21
2,41,5,2.36
3,33,7,2.78
23,50,6,3.7
12,117,4,3.04
20,68,3,4.45
5,106,1,4.46
37,71,6,1.04
38,86,4,4.11
30,119,4,2.84
9,33,3,4.96
34,81,4,2.93
44,24,3,4.95
35,61,7,4.02
22,61,2,1.99
44,98,6,3.15
24,28,5,4.97
17,58,2,4.43
10,43,6,1.39
30,41,3,3.83
46,39,6,2.38
23,86,7,1.03
32,49,3,2.61
17,17,2,1.94
50,98,1,4.28
17,70,1,2.35
14,110,8,4.31
9,70,8,1.0
40,98,6,2.23
2,65,1,1.96
45,74,3,1.93
25,85,4,1.27
39,5,3,1.75
9,2,4,3.22
22,22,2,2.17
43,112,5,2.67
46,57,4,2.51
4,66,1,4.5
26,74,3,4.62
29,98,2,2.97
45,16,1,2.32
34,112,2,1.43
23,51,5,4.81
37,39,7,1.24
11,86,3,2.19
6,76,6,2.19
18,88,3,2.28
21,111,8,1.66
42,40,5,4.13
36,38,3,1.49
41,60,8,3.54
38,59,6,1.5
34,10,4,1.28
17,99,2,4.64
37,64,6,1.76
25,115,1,4.29
38,63,5,3.18
12,49,4,1.31
23,64,1,4.82
42,32,1,1.99
22,7,5,4.44
21,21,4,1.68
27,20,7,4.42
31,26,1,1.05
6,68,1,3.05
27,110,4,4.08
40,116,3,4.74
34,86,1,4.64
12,15,2,4.28
45,120,4,4.55
7,104,1,1.8
10,85,5,2.14
45,79,6,2.16
17,86,2,2.51
26,116,8,2.57
21,92,8,3.18
28,14,6,1.64
46,27,8,3.76
2,105,6,1.67
43,40,1,2.24
1,58,2,3.01
36,28,2,4.19
26,26,3,3.96
29,113,6,3.58
21,63,2,1.62
11,66,3,3.19
40,25,4,1.35
11,120,3,2.51
36,3,5,2.65
49,72,7,1.16
39,44,1,2.1
40,97,4,4.82
35,42,7,4.81
34,116,7,2.41
47,99,4,1.17
24,6,5,1.72
22,39,3,2.57
5,52,1,4.79
33,23,3,1.56
36,89,2,4.05
47,50,3,1.43
20,43,8,4.93
19,19,4,2.53
35,69,1,4.1
43,51,3,2.37
17,11,1,3.51
45,120,1,1.77
43,12,2,1.58
34,74,2,4.75
9,8,4,4.67
26,24,5,4.55
2,92,8,3.5
9,41,7,4.23
9,36,1,1.28
40,101,5,2.34
17,85,7,2.25
1,72,7,3.54
25,55,8,2.42
43,9,4,1.59
40,47,7,3.39
42,15,8,4.26
25,48,7,2.53
39,110,1,1.53
35,104,1,1.79
3,82,6,1.95
50,42,5,2.2
37,60,3,3.57
44,84,8,3.4
44,70,2,3.78
30,12,8,2.45
38,2,3,4.3
34,7,5,1.82
12,80,2,2.88
19,3,3,4.2
37,109,6,1.72
44,3,2,1.44
49,27,1,4.53
17,114,3,2.37
10,107,8,3.74
49,40,2,1.1
47,102,6,3.76
12,33,8,2.26
16,92,7,1.22
24,1,2,3.44
19,119,2,1.96
8,8,6,2.55
31,101,7,1.32
21,32,3,1.59
17,48,4,2.19
23,107,3,1.36
37,101,7,4.64
16,4,5,1.02
6,94,8,2.94
8,70,6,1.49
25,110,3,2.23
18,118,2,4.7
25,19,6,1.65
12,32,1,4.86
15,9,7,1.82
26,12,8,3.97
41,11,3,3.19
45,46,6,4.54
26,119,8,3.22
47,16,3,3.14
32,1,6,1.78
10,63,2,1.66
16,109,1,4.67
7,119,1,2.31
17,117,5,2.49
23,21,6,4.04
26,30,3,2.36
21,13,1,4.81
22,34,7,3.95
7,4,1,3.39
14,28,4,4.52
15,102,4,1.2
7,95,1,2.03
9,59,6,2.86
48,119,5,1.91
8,27,1,3.98
50,69,2,4.68
23,25,8,2.7
29,3,3,2.37
18,97,5,4.85
31,68,2,2.78
30,25,5,2.96
39,20,2,2.41
35,34,3,4.64
18,26,3,3.28
42,5,4,4.05
39,99,6,4.25
17,61,2,2.37
14,92,8,2.73
31,93,4,4.39
24,9,2,2.45
35,116,4,4.18
44,102,3,4.76
45,50,5,3.49
34,6,7,3.97
3,83,4,4.22
37,60,2,4.38
43,44,2,2.58
40,11,7,1.21
26,66,6,2.61
23,47,8,3.7
44,108,3,2.8
39,108,2,4.0
15,73,1,2.43
49,85,5,3.54
4,88,4,1.75
29,98,6,4.0
22,86,8,3.18
25,3,7,1.82
13,76,5,2.17
18,92,3,3.99
33,30,6,2.93
16,90,8,1.86
45,112,4,4.87
42,21,4,3.86
44,28,7,4.83
2,120,1,2.71
35,90,7,2.9
42,62,3,4.59
34,33,6,3.1
30,85,6,3.83
13,35,2,2.01
13,52,1,2.79
18,34,1,1.49
32,41,6,1.82
32,51,6,1.0
35,47,5,1.16
39,82,8,4.91
46,58,5,1.97
29,75,5,3.65
49,57,1,4.36
29,23,2,3.2
44,48,4,1.61
16,22,5,3.91
44,17,2,3.4
47,69,7,3.93
10,108,3,4.08
30,11,5,4.9
25,94,7,3.29
39,15,4,2.37
20,91,3,3.59
5,35,3,1.27
1,33,4,4.59
30,84,5,1.48
49,16,1,2.31
3,34,4,4.26
45,66,4,3.39
14,99,4,2.57
30,40,3,2.89
50,120,8,4.42
4,28,2,2.36
18,47,7,4.48
37,39,1,1.35
25,70,5,4.11
48,73,5,4.39
1,20,7,1.73
46,1,2,2.72
15,72,4,1.66
9,119,8,3.83
15,87,1,3.14
49,63,5,3.54
24,67,7,1.79
4,4,6,1.85
12,58,8,1.17
37,25,7,2.29
37,47,8,3.24
43,38,5,4.43
6,15,4,3.67
39,63,6,2.74
46,21,2,4.81
24,99,1,3.88
11,57,2,4.72
13,117,2,3.11
34,53,7,2.04
25,46,8,1.21
7,116,1,3.9
4,14,1,1.49
8,100,5,2.21
20,76,5,3.13
29,17,1,3.26
45,39,6,3.4
46,9,3,1.67
10,99,5,2.52
43,77,3,3.47
34,79,7,4.88
26,82,6,3.91
41,115,1,4.69
49,97,6,4.05
3,6,5,3.37
6,91,2,1.77
5,23,7,3.67
5,59,1,3.49
47,91,4,3.41
23,98,7,2.96
49,120,8,3.11
9,46,3,2.34
35,38,6,3.08
20,14,1,1.79
49,100,7,4.22
42,117,6,1.74
35,72,1,1.34
50,62,5,2.74
18,35,7,3.63
17,19,5,2.75
24,30,7,2.11
3,78,5,3.23
32,84,8,2.39
35,113,6,4.73
38,25,4,4.69
13,40,7,3.01
47,88,8,2.31
25,14,7,3.95
9,26,5,1.15
4,102,1,2.9
14,87,7,2.35
37,22,8,4.68
34,48,5,1.05
11,83,2,3.21
41,110,5,3.96
3,51,6,2.94
28,3,4,1.34
29,42,2,4.89
9,19,6,3.07
3,73,6,3.46
25,28,6,1.95
34,84,1,2.93
12,45,6,2.72
42,71,1,1.3
9,78,6,1.42
15,63,3,4.35
40,73,8,1.96
25,119,2,1.78
5,19,3,3.02
11,47,6,4.07
34,116,2,1.25
24,14,2,3.31
15,120,7,1.48
38,38,4,1.15
8,53,3,1.21
5,61,4,4.34
48,36,2,1.47
26,40,1,1.18
18,81,2,2.75
6,30,4,4.38
37,9,3,2.05
48,64,6,2.69
13,33,7,1.16
28,120,7,2.8
5,52,7,3.31
13,89,6,3.28
17,14,7,2.33
50,75,3,2.26
40,53,6,1.43
45,99,7,2.47
32,105,6,1.4
29,59,4,4.07
3,78,8,4.87
40,94,8,4.88
34,41,3,4.46
40,68,5,3.4
27,68,1,3.8
13,92,7,2.14
45,8,1,3.52
33,2,6,2.82
6,105,1,2.93
24,110,3,4.03
19,86,3,2.13
16,41,2,2.27
40,120,8,4.7
28,55,7,1.22
33,16,2,2.94
48,93,1,4.65
41,62,5,3.44
13,113,2,3.19
43,48,2,2.0
45,30,3,2.37
25,12,5,4.41
42,35,6,3.24
36,11,1,3.06
27,64,2,1.4
38,110,5,1.06
7,50,8,4.85
5,85,7,2.51
43,21,5,3.41
45,69,8,1.32
31,48,1,3.73
23,20,5,4.73
42,101,8,3.3
10,67,5,1.5
32,44,5,3.33
43,33,7,4.07
30,117,8,2.63
39,73,8,4.52
31,61,2,3.59
18,9,1,4.6
36,68,7,3.49
2,35,5,1.53
14,81,5,2.24
13,98,2,1.81
29,88,1,4.64
12,96,3,4.04
39,65,7,3.71
2,8,2,2.2
32,45,1,1.74
13,87,7,4.03
46,47,5,2.9
27,40,1,1.9
49,76,1,3.47
41,54,6,1.16
17,76,1,2.3
40,46,3,2.87
31,47,1,1.59
34,15,3,4.94
24,105,5,1.84
45,19,3,1.52
35,26,7,1.81
48,52,5,4.08
6,93,5,2.7
19,22,3,3.26
30,104,8,1.08
7,21,2,1.14
10,51,4,2.78
41,38,8,4.27
32,20,1,4.54
34,29,6,1.35
28,51,4,3.15
15,4,1,4.65
30,55,8,2.55
37,71,8,4.32
29,92,1,1.53
22,28,5,4.74
4,4,1,4.01
20,22,6,4.77
32,76,8,3.71
36,45,1,2.45
50,67,3,4.75
4,86,4,2.1
27,108,3,2.33
17,66,6,3.8
12,88,1,4.06
22,34,7,4.72
17,91,6,1.82
10,55,5,4.19
1,105,3,3.95
22,1,3,1.26
26,72,2,2.55
18,87,1,2.13
50,38,5,2.22
14,6,7,4.93
47,86,3,3.57
29,25,3,3.87
12,82,5,4.91
36,17,6,2.51
35,61,6,4.21
12,12,1,2.74
7,6,8,4.48
29,90,2,1.72
11,27,3,4.79
33,8,8,1.88
6,83,8,2.3
47,106,2,4.02
15,65,8,2.58
32,57,8,3.43
11,93,6,2.78
23,109,6,3.97
26,113,4,1.91
34,99,7,1.23
46,40,1,2.2
34,14,8,2.9
29,35,4,1.67
4,48,7,2.42
17,109,4,2.6
35,84,4,1.23
13,56,1,3.33
41,49,1,4.54
39,13,5,1.61
15,61,2,3.39
29,102,2,3.66
29,49,5,2.68
11,46,5,3.8
32,113,6,2.64
2,62,7,3.02
47,8,4,1.03
14,43,8,3.77
20,20,5,3.65
22,97,3,1.15
11,90,2,2.47
27,39,5,4.92
3,85,3,2.68
17,117,3,3.01
44,49,3,4.64
28,64,6,3.87
29,62,6,3.33
21,106,8,4.19
47,107,8,4.46
16,54,3,2.83
37,105,7,2.9
20,9,6,2.54
6,88,4,4.87
19,37,3,3.79
5,49,4,1.33
3,41,4,4.45
1,17,3,2.92
38,88,2,1.28
15,21,7,3.2
34,51,3,2.67
35,59,8,4.51
49,39,3,1.82
25,55,6,4.31
24,41,3,3.23
12,39,2,1.22
18,13,6,4.89
15,64,8,3.05
44,11,1,2.16
16,110,1,2.88
27,19,4,4.43
8,11,7,2.22
46,77,4,1.77
25,46,2,1.52
17,45,5,2.19
29,1,8,4.12
8,40,7,2.89
15,108,8,1.91
27,19,1,1.66
46,76,4,2.33
50,72,8,4.76
7,72,1,2.37
3,61,2,4.95
29,117,2,2.94
44,109,5,1.72
24,12,8,4.56
3,61,5,2.84
20,112,6,3.84
46,33,7,4.93
15,45,8,1.2
25,90,2,1.39
30,103,4,3.88
14,92,1,2.13
7,69,3,1.74
17,8,5,1.16
44,25,3,1.09
20,91,8,4.1
36,46,4,1.54
9,87,5,2.87
38,30,3,3.42
48,109,7,2.71
22,47,4,1.11
2,87,1,4.13
24,49,7,1.04
8,47,4,4.05
11,84,6,4.57
13,82,5,2.73
17,18,2,3.14
8,66,1,2.91
21,68,8,2.56
18,94,7,4.55
30,33,7,4.58
18,36,3,2.34
46,82,5,3.46
47,101,8,4.71
31,19,2,4.85
38,111,4,3.04
32,28,2,2.81
11,40,5,2.11
45,84,5,4.84
25,113,6,1.57
33,97,6,3.32
38,76,2,2.13
41,115,4,2.12
8,15,2,2.62
11,41,5,5.0
22,39,5,1.22
24,2,3,3.31
41,63,6,1.33
17,29,8,1.62
12,105,8,2.76
46,74,8,3.04
32,66,3,2.04
15,51,1,2.27
16,75,8,1.35
22,77,5,2.21
28,10,3,4.87
20,14,2,4.78
33,82,6,2.34
10,51,6,3.28
40,118,4,4.64
32,73,2,1.02
50,39,4,4.24
33,28,3,4.79
2,3,7,1.37
33,84,8,1.65
33,70,1,4.84
41,27,2,3.15
13,117,2,1.06
30,2,2,2.03
33,93,4,2.8
13,38,3,3.77
26,3,2,3.93
22,16,7,4.98
39,94,2,2.15
2,40,6,3.15
38,2,8,3.13
39,81,1,2.62
26,41,8,1.68
46,12,6,4.91
50,35,6,4.41
15,107,1,2.99
34,65,7,3.41
42,55,3,1.91
44,45,6,3.18
49,79,3,3.78
40,90,6,3.06
11,101,5,4.96
